--
-- PostgreSQL database cluster dump
--

-- Started on 2026-05-06 15:39:42

SET default_transaction_read_only = off;

SET client_encoding = 'UTF8';
SET standard_conforming_strings = on;

--
-- Roles
--

-- CREATE ROLE postgres;
-- ALTER ROLE postgres WITH SUPERUSER INHERIT CREATEROLE CREATEDB LOGIN REPLICATION BYPASSRLS;

--
-- User Configurations
--








--
-- Databases
--

--
-- Database "template1" dump
--

-- \connect template1

--
-- PostgreSQL database dump
--

-- Dumped from database version 17.7 (Debian 17.7-3.pgdg13+1)
-- Dumped by pg_dump version 17.0

-- Started on 2026-05-06 15:39:43

SET statement_timeout = 0;
SET lock_timeout = 0;
SET idle_in_transaction_session_timeout = 0;
SET transaction_timeout = 0;
SET client_encoding = 'UTF8';
SET standard_conforming_strings = on;
SELECT pg_catalog.set_config('search_path', '', false);
SET check_function_bodies = false;
SET xmloption = content;
SET client_min_messages = warning;
SET row_security = off;

-- Completed on 2026-05-06 15:39:56

--
-- PostgreSQL database dump complete
--

--
-- Database "railway" dump
--

--
-- PostgreSQL database dump
--

-- Dumped from database version 17.7 (Debian 17.7-3.pgdg13+1)
-- Dumped by pg_dump version 17.0

-- Started on 2026-05-06 15:39:56

SET statement_timeout = 0;
SET lock_timeout = 0;
SET idle_in_transaction_session_timeout = 0;
SET transaction_timeout = 0;
SET client_encoding = 'UTF8';
SET standard_conforming_strings = on;
SELECT pg_catalog.set_config('search_path', '', false);
SET check_function_bodies = false;
SET xmloption = content;
SET client_min_messages = warning;
SET row_security = off;

--
-- TOC entry 3524 (class 1262 OID 16384)
-- Name: railway; Type: DATABASE; Schema: -; Owner: postgres
--

-- CREATE DATABASE railway WITH TEMPLATE = template0 ENCODING = 'UTF8' LOCALE_PROVIDER = libc LOCALE = 'en_US.utf8';


-- ALTER DATABASE railway OWNER TO postgres;

-- \connect railway

SET statement_timeout = 0;
SET lock_timeout = 0;
SET idle_in_transaction_session_timeout = 0;
SET transaction_timeout = 0;
SET client_encoding = 'UTF8';
SET standard_conforming_strings = on;
SELECT pg_catalog.set_config('search_path', '', false);
SET check_function_bodies = false;
SET xmloption = content;
SET client_min_messages = warning;
SET row_security = off;

SET default_tablespace = '';

SET default_table_access_method = heap;

--
-- TOC entry 230 (class 1259 OID 24672)
-- Name: Cobros; Type: TABLE; Schema: public; Owner: postgres
--

CREATE TABLE public."Cobros" (
    "IdCobros" integer NOT NULL,
    "IdLiquidaciones" integer,
    "IdObrasSociales" integer,
    "FechaCobro" timestamp without time zone DEFAULT CURRENT_TIMESTAMP,
    "NumeroComprobante" character varying(50) NOT NULL,
    "IdMandatarias" integer,
    "IdUsuario" integer NOT NULL
);


ALTER TABLE public."Cobros" OWNER TO postgres;

--
-- TOC entry 232 (class 1259 OID 24700)
-- Name: CobrosDetalle; Type: TABLE; Schema: public; Owner: postgres
--

CREATE TABLE public."CobrosDetalle" (
    "IdCobrosDetalle" integer NOT NULL,
    "IdCobros" integer NOT NULL,
    "IdObrasSociales" integer NOT NULL,
    "FechaCobroDetalle" timestamp without time zone,
    "ImporteCobrado" numeric(18,2) NOT NULL,
    "MontoDebito" numeric(18,2) DEFAULT 0 NOT NULL,
    "TipoPago" character varying(50),
    "MotivoDebito" character varying(100),
    "IdLiquidacionDetalle" integer
);


ALTER TABLE public."CobrosDetalle" OWNER TO postgres;

--
-- TOC entry 231 (class 1259 OID 24699)
-- Name: CobrosDetalle_IdCobrosDetalle_seq; Type: SEQUENCE; Schema: public; Owner: postgres
--

CREATE SEQUENCE public."CobrosDetalle_IdCobrosDetalle_seq"
    AS integer
    START WITH 1
    INCREMENT BY 1
    NO MINVALUE
    NO MAXVALUE
    CACHE 1;


ALTER SEQUENCE public."CobrosDetalle_IdCobrosDetalle_seq" OWNER TO postgres;

--
-- TOC entry 3525 (class 0 OID 0)
-- Dependencies: 231
-- Name: CobrosDetalle_IdCobrosDetalle_seq; Type: SEQUENCE OWNED BY; Schema: public; Owner: postgres
--

ALTER SEQUENCE public."CobrosDetalle_IdCobrosDetalle_seq" OWNED BY public."CobrosDetalle"."IdCobrosDetalle";


--
-- TOC entry 229 (class 1259 OID 24671)
-- Name: Cobros_IdCobros_seq; Type: SEQUENCE; Schema: public; Owner: postgres
--

CREATE SEQUENCE public."Cobros_IdCobros_seq"
    AS integer
    START WITH 1
    INCREMENT BY 1
    NO MINVALUE
    NO MAXVALUE
    CACHE 1;


ALTER SEQUENCE public."Cobros_IdCobros_seq" OWNER TO postgres;

--
-- TOC entry 3526 (class 0 OID 0)
-- Dependencies: 229
-- Name: Cobros_IdCobros_seq; Type: SEQUENCE OWNED BY; Schema: public; Owner: postgres
--

ALTER SEQUENCE public."Cobros_IdCobros_seq" OWNED BY public."Cobros"."IdCobros";


--
-- TOC entry 228 (class 1259 OID 24644)
-- Name: LiquidacionDetalle; Type: TABLE; Schema: public; Owner: postgres
--

CREATE TABLE public."LiquidacionDetalle" (
    "IdLiquidacionDetalle" integer NOT NULL,
    "IdLiquidaciones" integer NOT NULL,
    "IdObrasSociales" integer NOT NULL,
    "IdPlanBonificacion" integer NOT NULL,
    "CantidadRecetas" integer NOT NULL,
    "TotalBruto" numeric(18,2) NOT NULL,
    "MontoCargoOS" numeric(18,2) NOT NULL,
    "MontoBonificacion" numeric(18,2) NOT NULL,
    "SaldoPendiente" numeric(18,2),
    "Pagado" boolean DEFAULT false NOT NULL,
    "IdUsuario" integer
);


ALTER TABLE public."LiquidacionDetalle" OWNER TO postgres;

--
-- TOC entry 227 (class 1259 OID 24643)
-- Name: LiquidacionDetalle_IdLiquidacionDetalle_seq; Type: SEQUENCE; Schema: public; Owner: postgres
--

CREATE SEQUENCE public."LiquidacionDetalle_IdLiquidacionDetalle_seq"
    AS integer
    START WITH 1
    INCREMENT BY 1
    NO MINVALUE
    NO MAXVALUE
    CACHE 1;


ALTER SEQUENCE public."LiquidacionDetalle_IdLiquidacionDetalle_seq" OWNER TO postgres;

--
-- TOC entry 3527 (class 0 OID 0)
-- Dependencies: 227
-- Name: LiquidacionDetalle_IdLiquidacionDetalle_seq; Type: SEQUENCE OWNED BY; Schema: public; Owner: postgres
--

ALTER SEQUENCE public."LiquidacionDetalle_IdLiquidacionDetalle_seq" OWNED BY public."LiquidacionDetalle"."IdLiquidacionDetalle";


--
-- TOC entry 226 (class 1259 OID 24622)
-- Name: Liquidaciones; Type: TABLE; Schema: public; Owner: postgres
--

CREATE TABLE public."Liquidaciones" (
    "IdLiquidaciones" integer NOT NULL,
    "IdMandatarias" integer NOT NULL,
    "FechaPresentacion" timestamp without time zone DEFAULT CURRENT_TIMESTAMP,
    "Periodo" character varying(20),
    "TotalPresentado" numeric(18,2) DEFAULT 0 NOT NULL,
    "Estado" character varying(20) DEFAULT 'EN_PROCESO'::character varying,
    "Observaciones" text,
    "IdUsuario" integer NOT NULL
);


ALTER TABLE public."Liquidaciones" OWNER TO postgres;

--
-- TOC entry 225 (class 1259 OID 24621)
-- Name: Liquidaciones_IdLiquidaciones_seq; Type: SEQUENCE; Schema: public; Owner: postgres
--

CREATE SEQUENCE public."Liquidaciones_IdLiquidaciones_seq"
    AS integer
    START WITH 1
    INCREMENT BY 1
    NO MINVALUE
    NO MAXVALUE
    CACHE 1;


ALTER SEQUENCE public."Liquidaciones_IdLiquidaciones_seq" OWNER TO postgres;

--
-- TOC entry 3528 (class 0 OID 0)
-- Dependencies: 225
-- Name: Liquidaciones_IdLiquidaciones_seq; Type: SEQUENCE OWNED BY; Schema: public; Owner: postgres
--

ALTER SEQUENCE public."Liquidaciones_IdLiquidaciones_seq" OWNED BY public."Liquidaciones"."IdLiquidaciones";


--
-- TOC entry 220 (class 1259 OID 24585)
-- Name: Mandatarias; Type: TABLE; Schema: public; Owner: postgres
--

CREATE TABLE public."Mandatarias" (
    "IdMandatarias" integer NOT NULL,
    "RazonSocial" character varying(100) NOT NULL,
    "Cuit" bigint NOT NULL,
    "Activa" boolean DEFAULT true NOT NULL,
    "Descripcion" character varying(500),
    "Direccion" character varying(100)
);


ALTER TABLE public."Mandatarias" OWNER TO postgres;

--
-- TOC entry 219 (class 1259 OID 24584)
-- Name: Mandatarias_IdMandatarias_seq; Type: SEQUENCE; Schema: public; Owner: postgres
--

CREATE SEQUENCE public."Mandatarias_IdMandatarias_seq"
    AS integer
    START WITH 1
    INCREMENT BY 1
    NO MINVALUE
    NO MAXVALUE
    CACHE 1;


ALTER SEQUENCE public."Mandatarias_IdMandatarias_seq" OWNER TO postgres;

--
-- TOC entry 3529 (class 0 OID 0)
-- Dependencies: 219
-- Name: Mandatarias_IdMandatarias_seq; Type: SEQUENCE OWNED BY; Schema: public; Owner: postgres
--

ALTER SEQUENCE public."Mandatarias_IdMandatarias_seq" OWNED BY public."Mandatarias"."IdMandatarias";


--
-- TOC entry 222 (class 1259 OID 24595)
-- Name: ObrasSociales; Type: TABLE; Schema: public; Owner: postgres
--

CREATE TABLE public."ObrasSociales" (
    "IdObrasSociales" integer NOT NULL,
    "IdMandatarias" integer NOT NULL,
    "Nombre" character varying(100) NOT NULL,
    "NombreMandataria" character varying(100),
    "CodigoBonificacion" integer DEFAULT 0 NOT NULL,
    "EsPrepaga" boolean DEFAULT false,
    "Activa" boolean DEFAULT true NOT NULL,
    "NombreCodigoBonificacion" character varying(100)
);


ALTER TABLE public."ObrasSociales" OWNER TO postgres;

--
-- TOC entry 221 (class 1259 OID 24594)
-- Name: ObrasSociales_IdObrasSociales_seq; Type: SEQUENCE; Schema: public; Owner: postgres
--

CREATE SEQUENCE public."ObrasSociales_IdObrasSociales_seq"
    AS integer
    START WITH 1
    INCREMENT BY 1
    NO MINVALUE
    NO MAXVALUE
    CACHE 1;


ALTER SEQUENCE public."ObrasSociales_IdObrasSociales_seq" OWNER TO postgres;

--
-- TOC entry 3530 (class 0 OID 0)
-- Dependencies: 221
-- Name: ObrasSociales_IdObrasSociales_seq; Type: SEQUENCE OWNED BY; Schema: public; Owner: postgres
--

ALTER SEQUENCE public."ObrasSociales_IdObrasSociales_seq" OWNED BY public."ObrasSociales"."IdObrasSociales";


--
-- TOC entry 224 (class 1259 OID 24610)
-- Name: PlanBonificacion; Type: TABLE; Schema: public; Owner: postgres
--

CREATE TABLE public."PlanBonificacion" (
    "IdPlanBonificacion" integer NOT NULL,
    "IdObrasSociales" integer NOT NULL,
    "NombrePlan" character varying(50) NOT NULL,
    "Bonificacion" numeric(18,2) NOT NULL,
    "NumeroBonificacion" character varying(50) NOT NULL
);


ALTER TABLE public."PlanBonificacion" OWNER TO postgres;

--
-- TOC entry 223 (class 1259 OID 24609)
-- Name: PlanBonificacion_IdPlanBonificacion_seq; Type: SEQUENCE; Schema: public; Owner: postgres
--

CREATE SEQUENCE public."PlanBonificacion_IdPlanBonificacion_seq"
    AS integer
    START WITH 1
    INCREMENT BY 1
    NO MINVALUE
    NO MAXVALUE
    CACHE 1;


ALTER SEQUENCE public."PlanBonificacion_IdPlanBonificacion_seq" OWNER TO postgres;

--
-- TOC entry 3531 (class 0 OID 0)
-- Dependencies: 223
-- Name: PlanBonificacion_IdPlanBonificacion_seq; Type: SEQUENCE OWNED BY; Schema: public; Owner: postgres
--

ALTER SEQUENCE public."PlanBonificacion_IdPlanBonificacion_seq" OWNED BY public."PlanBonificacion"."IdPlanBonificacion";


--
-- TOC entry 218 (class 1259 OID 24578)
-- Name: Usuario; Type: TABLE; Schema: public; Owner: postgres
--

CREATE TABLE public."Usuario" (
    "IdUsuario" integer NOT NULL,
    "Contraseña" character varying(50) NOT NULL,
    "RazonSocial" character varying(100) NOT NULL,
    "Domicilio" character varying(100) NOT NULL,
    "Cuit" bigint NOT NULL,
    "Iva" character varying(100)
);


ALTER TABLE public."Usuario" OWNER TO postgres;

--
-- TOC entry 217 (class 1259 OID 24577)
-- Name: Usuario_IdUsuario_seq; Type: SEQUENCE; Schema: public; Owner: postgres
--

CREATE SEQUENCE public."Usuario_IdUsuario_seq"
    AS integer
    START WITH 1
    INCREMENT BY 1
    NO MINVALUE
    NO MAXVALUE
    CACHE 1;


ALTER SEQUENCE public."Usuario_IdUsuario_seq" OWNER TO postgres;

--
-- TOC entry 3532 (class 0 OID 0)
-- Dependencies: 217
-- Name: Usuario_IdUsuario_seq; Type: SEQUENCE OWNED BY; Schema: public; Owner: postgres
--

ALTER SEQUENCE public."Usuario_IdUsuario_seq" OWNED BY public."Usuario"."IdUsuario";


--
-- TOC entry 3323 (class 2604 OID 24675)
-- Name: Cobros IdCobros; Type: DEFAULT; Schema: public; Owner: postgres
--

ALTER TABLE ONLY public."Cobros" ALTER COLUMN "IdCobros" SET DEFAULT nextval('public."Cobros_IdCobros_seq"'::regclass);


--
-- TOC entry 3325 (class 2604 OID 24703)
-- Name: CobrosDetalle IdCobrosDetalle; Type: DEFAULT; Schema: public; Owner: postgres
--

ALTER TABLE ONLY public."CobrosDetalle" ALTER COLUMN "IdCobrosDetalle" SET DEFAULT nextval('public."CobrosDetalle_IdCobrosDetalle_seq"'::regclass);


--
-- TOC entry 3321 (class 2604 OID 24647)
-- Name: LiquidacionDetalle IdLiquidacionDetalle; Type: DEFAULT; Schema: public; Owner: postgres
--

ALTER TABLE ONLY public."LiquidacionDetalle" ALTER COLUMN "IdLiquidacionDetalle" SET DEFAULT nextval('public."LiquidacionDetalle_IdLiquidacionDetalle_seq"'::regclass);


--
-- TOC entry 3317 (class 2604 OID 24625)
-- Name: Liquidaciones IdLiquidaciones; Type: DEFAULT; Schema: public; Owner: postgres
--

ALTER TABLE ONLY public."Liquidaciones" ALTER COLUMN "IdLiquidaciones" SET DEFAULT nextval('public."Liquidaciones_IdLiquidaciones_seq"'::regclass);


--
-- TOC entry 3310 (class 2604 OID 24588)
-- Name: Mandatarias IdMandatarias; Type: DEFAULT; Schema: public; Owner: postgres
--

ALTER TABLE ONLY public."Mandatarias" ALTER COLUMN "IdMandatarias" SET DEFAULT nextval('public."Mandatarias_IdMandatarias_seq"'::regclass);


--
-- TOC entry 3312 (class 2604 OID 24598)
-- Name: ObrasSociales IdObrasSociales; Type: DEFAULT; Schema: public; Owner: postgres
--

ALTER TABLE ONLY public."ObrasSociales" ALTER COLUMN "IdObrasSociales" SET DEFAULT nextval('public."ObrasSociales_IdObrasSociales_seq"'::regclass);


--
-- TOC entry 3316 (class 2604 OID 24613)
-- Name: PlanBonificacion IdPlanBonificacion; Type: DEFAULT; Schema: public; Owner: postgres
--

ALTER TABLE ONLY public."PlanBonificacion" ALTER COLUMN "IdPlanBonificacion" SET DEFAULT nextval('public."PlanBonificacion_IdPlanBonificacion_seq"'::regclass);


--
-- TOC entry 3309 (class 2604 OID 24581)
-- Name: Usuario IdUsuario; Type: DEFAULT; Schema: public; Owner: postgres
--

ALTER TABLE ONLY public."Usuario" ALTER COLUMN "IdUsuario" SET DEFAULT nextval('public."Usuario_IdUsuario_seq"'::regclass);


--
-- TOC entry 3516 (class 0 OID 24672)
-- Dependencies: 230
-- Data for Name: Cobros; Type: TABLE DATA; Schema: public; Owner: postgres
--

COPY public."Cobros" ("IdCobros", "IdLiquidaciones", "IdObrasSociales", "FechaCobro", "NumeroComprobante", "IdMandatarias", "IdUsuario") FROM stdin;
5	\N	\N	2026-01-06 00:00:00	6158	1	1
6	\N	\N	2025-12-29 00:00:00	1225	1	1
8	\N	\N	2025-12-29 00:00:00	1225	1	1
10	\N	\N	2026-01-30 00:00:00	0125	1	1
11	\N	\N	2026-02-25 00:00:00	0225	1	1
12	\N	\N	2026-02-17 00:00:00	0225	1	2
13	\N	\N	2026-02-12 00:00:00	5086594	1	1
14	\N	\N	2026-02-13 00:00:00	89928	1	1
15	\N	\N	2026-03-17 00:00:00	0326	9	1
18	\N	\N	2026-03-12 00:00:00	0326	3	2
19	\N	\N	2026-03-19 00:00:00	0326	3	2
20	\N	\N	2026-03-18 00:00:00	0326	3	2
21	\N	\N	2026-03-27 00:00:00	0326	3	2
22	\N	\N	2026-03-27 00:00:00	0326	1	2
23	\N	\N	2026-03-24 00:00:00	0326	1	1
24	\N	\N	2026-03-26 00:00:00	0326	1	1
25	\N	\N	2026-03-25 00:00:00	0326	3	1
26	\N	\N	2026-03-25 00:00:00	0326	8	1
27	\N	\N	2026-03-19 00:00:00	5112743	1	1
28	\N	\N	2026-03-12 00:00:00	5107426	1	1
29	\N	\N	2026-03-05 00:00:00	5101685	1	1
30	\N	\N	2026-03-18 00:00:00	0326	1	1
31	\N	\N	2026-03-26 00:00:00	5118557	1	1
32	\N	\N	2026-03-11 00:00:00	5104373	1	1
33	\N	\N	2026-03-20 00:00:00	5115360	1	1
34	\N	\N	2026-04-28 00:00:00	0426	1	1
35	\N	\N	2026-04-28 00:00:00	0426	1	2
\.


--
-- TOC entry 3518 (class 0 OID 24700)
-- Dependencies: 232
-- Data for Name: CobrosDetalle; Type: TABLE DATA; Schema: public; Owner: postgres
--

COPY public."CobrosDetalle" ("IdCobrosDetalle", "IdCobros", "IdObrasSociales", "FechaCobroDetalle", "ImporteCobrado", "MontoDebito", "TipoPago", "MotivoDebito", "IdLiquidacionDetalle") FROM stdin;
19	10	2	2026-01-30 00:00:00	18366451.20	0.00	Transferencia		46
20	11	2	2026-02-25 00:00:00	17241546.39	0.00	Transferencia		110
21	11	2	2026-02-25 00:00:00	20524944.75	0.00	Transferencia		74
22	11	2	2026-02-25 00:00:00	718264.86	0.00	Transferencia		74
23	11	2	2026-02-25 00:00:00	863179.07	0.00	Transferencia		110
24	12	2	2026-02-17 00:00:00	5769077.55	0.00	Transferencia		79
25	12	2	2026-02-17 00:00:00	4641204.71	0.00	Transferencia		111
26	13	9	2026-03-23 00:00:00	158980.18	0.00	Transferencia		22
27	14	10	2026-02-13 00:00:00	253128.59	0.00	Transferencia		39
28	15	31	2026-03-17 00:00:00	3898910.48	0.00	Transferencia		72
29	15	31	2026-03-17 00:00:00	1875709.38	0.00	Transferencia		101
32	18	15	2026-03-12 00:00:00	59460.37	0.00	Transferencia		45
33	18	15	2026-03-12 00:00:00	139981.75	0.00	Transferencia		105
34	19	16	2026-03-19 00:00:00	47942.99	0.00	Transferencia		44
35	19	16	2026-03-19 00:00:00	42293.85	0.00	Transferencia		106
36	20	39	2026-03-18 00:00:00	49366.11	0.00	Transferencia		71
37	20	39	2026-03-18 00:00:00	630672.84	0.00	Transferencia		134
38	21	13	2026-04-15 00:00:00	6914.40	0.00	Transferencia		82
39	22	2	2026-03-27 00:00:00	3873179.00	0.00	Transferencia		145
40	22	2	2026-03-27 00:00:00	6088940.62	0.00	Transferencia		172
41	23	2	2026-03-24 00:00:00	20379712.88	0.00	Transferencia		162
42	23	2	2026-03-24 00:00:00	18825722.94	0.00	Transferencia		174
43	24	2	2026-03-26 00:00:00	20379712.88	0.00	Transferencia		162
44	24	2	2026-03-26 00:00:00	18825722.94	0.00	Transferencia		174
45	25	40	2026-03-25 00:00:00	16993.13	0.00	Transferencia		67
46	25	38	2026-03-25 00:00:00	615297.42	0.00	Transferencia		131
47	25	16	2026-03-25 00:00:00	207833.76	0.00	Transferencia		104
48	25	16	2026-03-25 00:00:00	583996.60	0.00	Transferencia		65
49	25	15	2026-03-25 00:00:00	1917971.36	0.00	Transferencia		42
50	25	15	2026-03-25 00:00:00	1917971.36	0.00	Transferencia		42
51	26	34	2026-03-25 00:00:00	648966.06	0.00	Transferencia		52
52	26	32	2026-03-25 00:00:00	615611.94	0.00	Transferencia		51
53	27	22	2026-04-21 00:00:00	13916.37	0.00	Transferencia		75
54	28	7	2026-03-12 00:00:00	669820.59	0.00	Transferencia		34
55	28	7	2026-03-12 00:00:00	913277.19	0.00	Transferencia		97
56	28	9	2026-03-12 00:00:00	307520.55	0.00	Transferencia		96
57	28	21	2026-03-12 00:00:00	1934345.76	0.00	Transferencia		59
58	29	18	2026-03-05 00:00:00	2018668.15	0.00	Transferencia		53
59	29	20	2026-03-05 00:00:00	476948.34	0.00	Transferencia		58
60	29	20	2026-03-05 00:00:00	232178.71	0.00	Transferencia		98
61	29	1	2026-03-05 00:00:00	97106.69	0.00	Transferencia		31
62	30	22	2026-03-18 00:00:00	16949.42	0.00	Transferencia		149
63	31	20	2026-03-26 00:00:00	368996.15	0.00	Transferencia		118
64	31	2	2026-03-26 00:00:00	5942349.57	0.00	Transferencia		46
65	32	5	2026-03-11 00:00:00	116495.00	0.00	Transferencia		94
66	32	5	2026-03-11 00:00:00	87853.49	0.00	Transferencia		32
67	33	19	2026-03-20 00:00:00	792848.94	0.00	Transferencia		61
68	33	23	2026-03-20 00:00:00	817738.43	0.00	Transferencia		150
69	34	2	2026-04-28 00:00:00	9433095.74	0.00	Transferencia		110
70	34	2	2026-04-28 00:00:00	10526070.30	0.00	Transferencia		174
71	34	2	2026-04-28 00:00:00	600025.89	0.00	Transferencia		162
72	34	2	2026-04-28 00:00:00	18503537.40	0.00	Transferencia		216
73	35	2	2026-04-28 00:00:00	1662172.94	0.00	Transferencia		145
74	35	2	2026-04-28 00:00:00	2627730.43	0.00	Transferencia		172
75	35	2	2026-04-28 00:00:00	2014672.59	0.00	Transferencia		145
76	35	2	2026-04-28 00:00:00	3319360.73	0.00	Transferencia		145
77	35	2	2026-04-28 00:00:00	2559489.58	0.00	Transferencia		111
78	35	2	2026-04-28 00:00:00	10786955.00	0.00	Transferencia		222
\.


--
-- TOC entry 3514 (class 0 OID 24644)
-- Dependencies: 228
-- Data for Name: LiquidacionDetalle; Type: TABLE DATA; Schema: public; Owner: postgres
--

COPY public."LiquidacionDetalle" ("IdLiquidacionDetalle", "IdLiquidaciones", "IdObrasSociales", "IdPlanBonificacion", "CantidadRecetas", "TotalBruto", "MontoCargoOS", "MontoBonificacion", "SaldoPendiente", "Pagado", "IdUsuario") FROM stdin;
40	18	12	13	28	1454197.87	727098.95	181774.73	545324.22	f	1
41	19	12	13	4	187984.30	93992.16	23498.04	70494.12	f	2
43	20	16	17	24	1380953.89	769605.46	262381.24	507224.22	f	1
91	40	14	15	18	2467131.38	2041230.26	468754.96	1572475.30	f	1
92	41	47	48	6	180277.28	118343.16	30647.14	87696.02	f	2
39	17	10	11	18	1169183.91	506257.17	146147.99	106980.59	f	1
95	42	1	2	9	467790.34	233895.21	37423.23	196471.98	f	1
22	14	9	10	6	317960.33	158980.18	0.00	0.00	t	\N
110	48	2	5	1397	75203464.34	61023209.32	9460595.81	24024792.31	f	1
72	30	31	31	207	12334257.24	6119076.78	2220166.30	0.00	t	1
101	44	31	31	97	5885369.82	2935075.95	1059366.57	0.00	t	1
68	28	37	38	151	9508900.30	6510590.87	1806691.06	4703899.81	f	1
47	23	2	5	502	22311417.77	16512917.26	2806776.36	13706140.90	f	2
48	24	26	27	12	638551.63	399426.01	127710.33	271715.68	f	1
49	24	30	29	5	119269.61	287080.15	23853.92	263226.23	f	1
50	24	28	28	7	717700.39	287080.15	143540.08	143540.07	f	1
54	26	43	43	542	23192142.28	12402368.72	1507489.25	10894879.47	f	1
55	26	45	45	178	16703830.61	16332556.51	1085748.99	15246807.52	f	1
56	26	46	46	1	10652.44	10652.44	692.41	9960.03	f	1
57	26	5	6	4	175864.89	129288.16	17586.49	111701.67	f	1
60	26	44	44	10	3690518.08	3690518.08	239883.68	3450634.40	f	1
62	27	43	43	93	4251391.99	2682078.85	276340.48	2405738.37	f	2
63	27	45	45	21	1110419.37	1066783.45	72177.26	994606.19	f	2
64	27	19	20	10	242038.84	41722.04	0.00	41722.04	f	2
66	28	41	41	5	503636.88	251526.70	105763.74	145762.96	f	1
99	43	6	7	3	107812.18	43124.87	5390.61	37734.26	f	2
100	43	7	8	1	12068.02	6034.01	844.76	5189.25	f	2
33	14	6	7	3	90778.64	36311.46	11347.33	24964.13	f	\N
97	42	7	8	14	2002677.48	1053464.61	140187.42	0.00	t	1
35	16	1	2	1	24635.96	12317.96	3941.75	8376.21	f	\N
36	16	5	6	1	14185.57	5674.23	3546.39	2127.84	f	\N
37	16	6	7	3	157316.15	62926.47	19664.52	43261.95	f	\N
38	16	7	8	1	28774.99	14387.50	3827.07	10560.43	f	\N
69	29	37	38	17	1075046.53	802435.16	204258.84	598176.32	f	2
70	29	38	39	7	693387.12	681628.18	138677.42	542950.76	f	2
102	45	15	16	85	5274784.54	3533393.21	1002209.06	2531184.15	f	1
76	33	23	23	50	1700447.29	736013.51	0.00	736013.51	f	1
77	33	11	12	77	616000.00	616000.00	0.00	616000.00	f	\N
78	34	13	14	64	3584190.51	2395281.43	501786.67	1893494.76	f	1
80	36	11	12	10	80000.00	80000.00	0.00	80000.00	f	2
81	36	25	26	24	830879.19	538797.71	41543.96	497253.75	f	2
83	38	35	62	1	18077.00	9038.50	3253.86	5784.64	f	2
84	38	35	60	9	367596.86	257317.82	66167.43	191150.39	f	2
85	38	35	61	18	550610.95	220244.38	99109.97	121134.41	f	2
86	38	35	34	11	282570.44	141532.83	50862.68	90670.15	f	2
87	39	35	61	47	2334417.01	933766.86	420195.06	513571.80	f	1
88	39	35	59	1	27639.27	27639.27	4975.07	22664.20	f	1
89	39	35	34	5	315558.24	167716.60	56800.48	110916.12	f	1
90	39	35	60	12	666728.96	466710.27	120011.21	346699.06	f	1
103	45	17	18	2	45742.92	22871.46	9606.01	13265.45	f	1
107	42	6	64	2	38801.00	15520.00	4850.13	10669.87	f	\N
108	47	12	13	43	1694762.13	847381.09	211845.27	635535.82	f	1
109	47	10	11	23	1806111.52	742170.35	225763.94	516406.41	f	1
112	50	29	30	3	140812.14	70406.06	29570.55	40835.51	f	1
113	50	26	27	5	215880.76	86352.31	43176.15	43176.16	f	1
79	35	2	5	466	23677234.36	18628106.34	2978596.08	9880432.71	f	2
111	49	2	5	400	19030093.80	14718808.98	2393985.80	5124128.89	f	2
74	32	2	5	1480	90445020.91	75930656.72	11377983.63	43309463.48	f	1
45	21	15	16	7	198911.13	97253.48	37793.11	0.00	t	2
105	46	15	16	11	392418.36	214541.24	74559.49	0.00	t	2
44	21	16	17	5	190206.64	84082.25	36139.26	0.00	t	2
106	46	16	17	4	113658.50	63888.97	21595.12	0.00	t	2
71	29	39	47	3	126579.76	75947.86	26581.75	0.00	t	2
82	37	13	14	1	19206.66	9603.33	2688.93	0.00	t	2
67	28	40	40	2	58597.00	29298.50	12305.37	0.00	t	1
104	45	16	17	21	790644.71	358056.25	150222.49	0.00	t	1
65	28	16	17	25	1263718.92	824103.19	240106.59	0.00	t	1
52	25	34	36	17	1081160.59	876009.78	227043.72	0.00	t	1
42	20	15	16	77	4800142.91	2829998.51	912027.15	-1917971.36	t	1
51	25	32	33	61	3078059.50	615611.94	0.00	0.00	t	1
75	33	22	24	2	63168.67	13916.37	0.00	0.00	t	1
34	14	7	8	11	1750222.34	902600.16	232779.57	0.00	t	\N
96	42	9	10	10	615041.07	307520.55	0.00	0.00	t	1
59	26	21	22	90	4902069.82	1934345.76	0.00	0.00	t	1
53	26	18	19	31	2856811.20	2018668.15	0.00	0.00	t	1
58	26	20	21	17	1036519.47	476948.34	0.00	0.00	t	1
98	42	20	21	12	530462.20	232178.71	0.00	0.00	t	1
31	14	1	2	5	285607.86	142803.95	45697.26	0.00	t	\N
94	42	5	6	6	323740.61	148869.06	32374.06	0.00	t	1
32	14	5	6	8	328497.87	169977.96	82124.47	0.00	t	\N
61	26	19	20	108	4536162.70	792848.94	0.00	0.00	t	1
114	50	30	29	8	322902.89	129161.15	64580.58	64580.57	f	1
115	50	28	28	9	754265.28	301706.10	150853.06	150853.04	f	1
116	51	43	43	447	19293348.18	10612243.81	1254067.63	9358176.18	f	1
117	51	45	45	172	13001145.80	12403275.57	845074.48	11558201.09	f	1
119	51	21	22	44	2040665.68	798050.00	0.00	798050.00	f	1
120	51	19	20	73	3373116.90	602200.52	0.00	602200.52	f	1
121	51	44	44	8	1372648.19	1372648.19	89222.13	1283426.06	f	1
122	51	5	6	9	337207.30	176208.11	33720.73	142487.38	f	1
123	51	18	19	30	2679064.19	1875344.94	0.00	1875344.94	f	1
124	52	43	43	72	3892205.68	2481317.61	252993.37	2228324.24	f	2
125	52	18	19	2	230955.29	230955.29	0.00	230955.29	f	2
126	52	19	20	3	124208.42	17398.20	0.00	17398.20	f	2
127	52	45	45	4	319504.49	299329.31	20767.79	278561.52	f	2
128	53	32	33	69	3825097.75	757443.69	0.00	757443.69	f	1
129	53	34	36	18	1218375.62	986449.50	255858.88	730590.62	f	1
130	54	37	38	139	8829316.13	5799962.74	1677570.06	4122392.68	f	1
132	54	41	41	9	641383.87	357083.32	134690.61	222392.71	f	1
133	54	40	40	2	86117.32	43058.66	18084.64	24974.02	f	1
135	55	38	39	1	17620.00	10572.00	3524.00	7048.00	f	2
136	55	37	38	12	1075690.34	879004.47	204381.16	674623.31	f	2
137	56	53	54	37	1848143.20	960106.12	388110.07	571996.05	f	2
138	56	49	50	18	1009538.37	722921.56	212003.06	510918.50	f	2
139	56	52	53	2	82343.65	32937.46	17292.17	15645.29	f	2
140	56	54	55	3	175994.07	135953.11	36958.75	98994.36	f	2
141	56	55	56	2	54046.09	27023.05	11349.68	15673.37	f	2
142	56	51	52	7	192176.20	76870.48	36513.48	40357.00	f	2
143	56	48	49	53	1795523.85	766121.43	341149.53	424971.90	f	2
146	59	25	26	20	713378.21	432150.13	35668.91	396481.22	f	2
147	60	13	14	2	59510.16	29755.08	8331.42	21423.66	f	2
148	61	47	48	3	113073.88	45229.55	19222.56	26006.99	f	2
151	63	13	14	52	3250715.25	2082186.13	455100.14	1627085.99	f	1
152	64	14	15	23	1424146.75	899387.19	270587.88	628799.31	f	1
153	65	35	60	5	214340.40	150038.28	38581.27	111457.01	f	1
154	65	35	34	1	94145.43	65901.80	16946.18	48955.62	f	1
155	65	35	61	58	2375387.56	950155.00	427569.76	522585.24	f	1
157	67	11	12	9	72000.00	72000.00	0.00	72000.00	f	2
158	68	35	61	41	1483950.87	593580.37	267111.16	326469.21	f	2
159	68	35	34	2	182188.91	72875.56	32794.00	40081.56	f	2
160	68	35	60	6	424855.30	297398.70	76473.95	220924.75	f	2
161	69	6	64	1	8725.80	3490.32	1090.73	2399.59	f	2
163	71	1	2	6	362672.75	181336.38	29013.82	152322.56	f	1
164	71	7	8	16	2026604.11	1075974.85	141862.29	934112.56	f	1
165	71	5	6	10	456571.82	223517.31	45657.18	177860.13	f	1
166	71	9	10	7	371614.26	185807.14	0.00	185807.14	f	1
167	71	20	21	9	489767.69	234054.99	0.00	234054.99	f	1
168	72	12	13	6	228384.28	114192.15	28548.04	85644.11	f	2
169	73	31	31	163	10303445.41	4875507.46	1854620.17	3020887.29	f	1
170	74	12	13	34	1270431.42	635215.75	158803.93	476411.82	f	1
171	74	10	11	25	1276230.82	510492.32	159528.85	350963.47	f	1
173	76	11	12	57	456000.00	456000.00	0.00	456000.00	f	1
175	78	15	16	56	4754218.88	3318533.17	903301.59	2415231.58	f	1
176	78	16	17	21	1737311.72	770226.37	330089.23	440137.14	f	1
177	78	17	18	1	93773.59	46886.79	19692.45	27194.34	f	1
178	79	16	17	2	194197.02	77678.80	36897.43	40781.37	f	2
179	79	15	16	6	267626.02	143489.82	50848.94	92640.88	f	2
197	83	43	43	60	2514189.21	1221277.28	163422.30	1057854.98	f	2
180	80	29	30	2	88118.93	44059.47	18504.98	25554.49	f	1
181	80	30	29	7	292508.01	117003.20	58501.60	58501.60	f	1
182	80	27	32	2	93972.24	65780.56	19734.17	46046.39	f	1
183	80	28	28	12	617981.80	247192.71	123596.36	123596.35	f	1
184	80	26	27	13	673985.00	393146.38	134797.00	258349.38	f	1
185	81	36	37	1	48325.96	24088.40	10148.45	13939.95	f	1
186	81	32	33	46	3108700.00	621740.00	0.00	621740.00	f	1
187	81	33	35	8	704867.46	616580.50	148022.17	468558.33	f	1
188	82	18	19	25	2315644.01	1625271.22	0.00	1625271.22	f	1
189	82	43	43	508	22889967.14	11835116.01	1487847.86	10347268.15	f	1
190	82	21	22	72	3298197.94	1249919.66	0.00	1249919.66	f	1
191	82	19	20	82	4049446.87	706993.44	0.00	706993.44	f	1
192	82	44	44	7	1307563.27	1307563.27	84991.61	1222571.66	f	1
193	82	5	6	5	211918.01	127125.52	21191.80	105933.72	f	1
194	82	20	21	14	697492.95	371221.78	0.00	371221.78	f	1
195	82	46	46	1	11235.39	11235.39	730.30	10505.09	f	1
196	82	45	45	188	17710817.59	16941275.29	1151203.14	15790072.15	f	1
198	83	19	20	6	259994.25	38742.54	0.00	38742.54	f	2
199	83	45	45	18	1181642.66	1162720.53	76806.77	1085913.76	f	2
200	83	18	19	1	18000.00	12600.00	0.00	12600.00	f	2
201	84	48	49	61	2172580.05	869032.00	412790.21	456241.79	f	2
202	84	54	55	9	436278.66	303475.80	91618.52	211857.28	f	2
203	84	55	56	4	96533.64	64879.01	2027206.44	-1962327.43	f	2
204	84	51	52	11	416054.00	166421.61	79050.26	87371.35	f	2
172	75	2	5	491	24735037.40	19150022.11	3111667.70	7321683.36	f	2
162	70	2	5	1206	79820366.58	67894816.00	10041402.12	16493962.23	f	1
46	22	2	5	1421	76210917.68	61408610.13	9587333.44	27512475.92	f	1
149	62	22	24	2	67121.98	16949.42	0.00	0.00	t	1
118	51	20	21	15	794152.92	368996.15	0.00	0.00	t	1
174	77	2	5	1539	84100218.43	68035771.35	10579807.48	9278447.69	f	1
150	62	23	23	42	1839686.58	817738.43	0.00	0.00	t	1
145	58	2	5	332	15959820.23	12187541.24	2007745.38	-689589.40	t	2
205	84	53	54	31	1478713.68	704.23	310529.87	-309825.64	f	2
206	84	50	51	7	312610.83	262680.17	65648.27	197031.90	f	2
207	84	52	53	1	31522.62	12609.05	6619.75	5989.30	f	2
208	84	49	50	18	808598.91	542933.58	169805.77	373127.81	f	2
209	85	37	38	137	10369655.79	7071776.36	1970234.60	5101541.76	f	1
210	85	38	39	22	2135905.98	1889162.90	427181.20	1461981.70	f	1
211	85	41	41	5	524852.95	271353.14	110219.12	161134.02	f	1
212	85	40	40	1	49090.44	24545.22	10308.99	14236.23	f	1
213	86	37	38	17	1394225.13	1119160.91	264902.77	854258.14	f	2
214	86	39	47	9	929004.04	886654.38	195090.85	691563.53	f	2
215	86	38	39	2	145477.14	87286.29	29095.43	58190.86	f	2
217	88	11	12	101	808000.00	808000.00	0.00	808000.00	f	1
218	88	22	24	5	167414.05	46646.25	0.00	46646.25	f	1
219	88	5	6	5	160438.29	84648.19	16043.83	68604.36	f	1
220	88	24	25	1	43373.08	26023.85	0.00	26023.85	f	1
221	88	23	23	44	1902800.70	766211.40	0.00	766211.40	f	1
223	90	25	26	28	1047326.72	678905.31	52366.34	626538.97	f	2
224	90	11	12	11	88000.00	88000.00	0.00	88000.00	f	2
225	91	13	14	6	399126.06	199428.67	55877.65	143551.02	f	2
226	92	14	15	38	2992768.34	2029540.58	568625.98	1460914.60	f	1
227	93	13	14	58	4826947.20	3260451.06	675772.61	2584678.45	f	1
228	94	35	61	60	2628353.23	1051341.21	473103.58	578237.63	f	1
229	94	35	34	3	226936.93	107008.22	40848.65	66159.57	f	1
230	94	35	60	2	65034.20	45523.94	11706.16	33817.78	f	\N
235	96	47	48	5	251291.83	234185.47	42719.61	191465.86	f	2
236	97	35	60	4	262660.38	183862.26	47278.87	136583.39	f	2
237	97	35	34	2	97224.72	38889.89	17500.45	21389.44	f	2
238	97	35	61	14	683665.28	273466.11	123059.75	150406.36	f	2
242	99	6	7	1	36455.00	14582.00	1822.75	12759.25	f	1
243	99	9	10	7	338919.88	169459.95	0.00	169459.95	f	1
244	99	1	2	11	600935.81	300467.93	48074.86	252393.07	f	1
245	99	5	6	3	228313.95	131945.58	22831.40	109114.18	f	1
246	99	7	8	15	2015598.40	1059994.38	141091.89	918902.49	f	1
247	99	20	21	11	807293.70	385165.84	0.00	385165.84	f	1
248	100	1	2	1	20590.39	10295.20	1647.23	8647.97	f	2
249	100	7	8	1	37621.67	22058.81	2633.52	19425.29	f	2
250	101	31	31	236	13672508.12	6400018.09	2461051.46	3938966.63	f	1
251	102	16	17	27	2113815.14	1019968.52	401624.88	618343.64	f	1
252	102	15	16	51	3842768.82	2545182.91	730126.08	1815056.83	f	1
253	103	15	16	15	582363.60	309663.28	110649.08	199014.20	f	2
254	103	16	17	2	55781.31	22312.52	10598.45	11714.07	f	2
255	104	26	27	11	631912.57	572957.52	126382.51	446575.01	f	1
256	104	30	29	5	140776.35	56310.55	28155.27	28155.28	f	1
257	104	28	28	7	556823.42	222729.36	111364.68	111364.68	f	1
258	104	27	32	2	96217.30	67352.11	20205.63	47146.48	f	1
134	55	39	47	8	864951.48	812312.65	181639.81	0.00	t	2
259	105	10	11	20	1326788.23	556944.29	165848.53	391095.76	f	1
260	105	12	13	27	1278848.66	639424.38	159856.08	479568.30	f	1
261	106	12	13	6	262690.62	131345.32	32836.33	98508.99	f	2
131	54	38	39	17	1071229.75	829543.37	214245.95	0.00	t	1
262	107	48	49	45	1799853.23	719941.30	341972.11	377969.19	f	2
263	107	51	52	14	377493.61	150997.44	71723.79	79273.65	f	2
264	107	53	54	49	2777496.52	1483474.70	583274.27	900200.43	f	2
265	107	50	51	4	244933.50	155251.53	51436.03	103815.50	f	2
266	107	54	55	2	456851.62	415537.44	95938.84	319598.60	f	2
267	107	52	53	1	25353.75	10141.50	5324.29	4817.21	f	2
268	107	55	56	5	122369.57	78245.51	25697.61	52547.90	f	2
269	107	49	50	20	1042086.89	805550.66	218838.25	586712.41	f	2
270	108	39	47	8	901482.47	882700.30	189311.32	693388.98	f	2
271	108	37	38	17	1366757.19	887068.04	259683.87	627384.17	f	2
273	109	34	36	17	1367490.69	1095740.95	287173.04	808567.91	f	1
274	109	63	71	5	198876.94	158751.14	41764.16	116986.98	f	\N
287	112	19	20	2	54743.36	8822.42	0.00	8822.42	f	2
272	109	32	33	74	3628019.75	725603.94	0.00	725603.94	f	1
275	110	37	38	151	9482197.28	6255105.82	1801617.48	4453488.34	f	1
276	110	41	41	1	213132.88	85253.15	44757.90	40495.25	f	1
277	110	40	40	3	225031.22	188856.04	47256.56	141599.48	f	1
278	110	38	39	25	1445754.51	985284.71	289150.90	696133.81	f	1
279	111	43	43	610	28829239.97	15215708.84	1873900.60	13341808.24	f	1
280	111	45	45	209	15603818.53	14935509.31	1014248.20	13921261.11	f	1
281	111	44	44	7	2443302.95	2443302.95	158814.69	2284488.26	f	1
282	111	5	6	4	250297.02	100118.80	25029.70	75089.10	f	1
283	111	19	20	107	4911421.48	839933.54	0.00	839933.54	f	1
284	111	21	22	63	3249910.58	1255940.29	0.00	1255940.29	f	1
285	111	20	21	24	1067054.58	511367.14	0.00	511367.14	f	1
286	111	18	19	27	2657597.77	1860318.44	0.00	1860318.44	f	1
288	112	45	45	7	418824.44	402772.49	27223.59	375548.90	f	2
289	112	43	43	84	4473454.73	3204064.76	290774.56	2913290.20	f	2
290	112	18	19	2	177618.91	124333.24	0.00	124333.24	f	\N
216	87	2	5	1451	79879157.80	64812057.96	10048798.05	36259722.51	f	1
222	89	2	5	404	21812548.47	17629487.68	2744018.60	4098514.08	f	2
291	113	2	5	1415	78716720.52	62616791.94	9902563.44	52714228.50	f	1
292	114	2	5	389	19998715.15	15329570.67	2515838.37	12813732.30	f	2
293	115	2	5	1535	89107338.60	72591549.12	11209703.20	61381845.92	f	1
294	116	35	59	1	35901.09	35901.09	6462.20	29438.89	f	2
295	116	35	61	20	789988.67	315995.48	142197.96	173797.52	f	2
296	116	35	34	3	221257.16	125332.55	39826.29	85506.26	f	2
297	116	35	60	11	677624.48	474337.16	121972.41	352364.75	f	2
298	117	2	5	416	23108982.88	8901243.26	2907110.05	5994133.21	f	2
299	118	11	12	12	96000.00	96000.00	0.00	96000.00	f	2
300	118	25	26	20	891243.82	693291.10	44562.19	648728.91	f	2
301	119	22	24	1	44773.00	9374.81	0.00	9374.81	f	1
302	119	23	23	43	1888726.65	855171.17	0.00	855171.17	f	1
303	119	11	12	86	688000.00	688000.00	0.00	688000.00	f	1
304	120	64	76	7	314340.68	125736.27	56581.32	69154.95	f	1
305	121	35	34	5	281922.42	140604.83	50746.04	89858.79	f	1
306	121	35	61	38	1525388.22	610155.28	274569.88	335585.40	f	1
307	121	35	60	10	791403.76	553982.65	142452.68	411529.97	f	1
308	122	13	14	42	3253979.90	2148914.33	455557.19	1693357.14	f	1
309	123	13	14	1	47043.00	32930.10	6586.02	26344.08	f	2
310	124	64	76	14	709705.91	283882.35	127747.06	156135.29	f	2
311	124	64	75	2	73207.60	51245.32	13177.37	38067.95	f	2
\.


--
-- TOC entry 3512 (class 0 OID 24622)
-- Dependencies: 226
-- Data for Name: Liquidaciones; Type: TABLE DATA; Schema: public; Owner: postgres
--

COPY public."Liquidaciones" ("IdLiquidaciones", "IdMandatarias", "FechaPresentacion", "Periodo", "TotalPresentado", "Estado", "Observaciones", "IdUsuario") FROM stdin;
40	3	2026-02-05 00:00:00	02-2026	1572475.30	PRESENTADA	\N	1
43	1	2026-02-10 00:00:00	02-2026	42923.51	PRESENTADA	\N	2
48	1	2026-02-18 00:00:00	02-2026	51562613.51	PRESENTADA	\N	1
60	3	2026-02-28 00:00:00	02-2026	21423.66	PRESENTADA	\N	2
61	3	2026-02-28 00:00:00	02-2026	26006.99	PRESENTADA	\N	2
65	10	2026-02-28 00:00:00	02-2026	682997.87	PRESENTADA	\N	1
34	5	2026-02-02 00:00:00	02-2026	1893494.76	PRESENTADA	\N	1
38	10	2026-02-03 00:00:00	02-2026	408739.59	PRESENTADA	\N	2
39	10	2026-02-04 00:00:00	02-2026	993851.18	PRESENTADA	\N	1
7	1	2025-10-01 00:00:00	10-2025	57334279.80	PRESENTADA	\N	1
8	1	2025-10-16 00:00:00	10-2025	54944152.28	PRESENTADA	\N	1
9	1	2025-11-03 00:00:00	11-2025	60009614.15	PRESENTADA	\N	1
10	1	2025-11-17 00:00:00	11-2025	50285578.33	PRESENTADA	\N	1
11	1	2025-11-29 00:00:00	11-2025	58595800.49	PRESENTADA	\N	1
13	1	2025-12-16 00:00:00	12-2025	53780410.20	PRESENTADA	\N	1
14	1	2026-01-07 00:00:00	01-2026	1038725.08	PRESENTADA		1
16	1	2026-01-07 00:00:00	01-2026	64326.43	PRESENTADA	\N	2
17	1	2026-01-13 00:00:00	01-2026	360109.18	PRESENTADA	\N	1
18	4	2026-01-13 00:00:00	01-2026	545324.22	PRESENTADA	\N	1
19	4	2026-01-13 00:00:00	01-2026	70494.12	PRESENTADA	\N	2
20	3	2026-01-14 00:00:00	01-2026	2425195.58	PRESENTADA	\N	1
21	3	2026-01-14 00:00:00	01-2026	107403.36	PRESENTADA	\N	2
22	1	2026-01-16 00:00:00	01-2026	51821276.69	PRESENTADA	\N	1
23	1	2026-01-16 00:00:00	01-2026	13706140.90	PRESENTADA	\N	2
24	7	2026-01-19 00:00:00	01-2026	678481.98	PRESENTADA	\N	1
25	8	2026-01-23 00:00:00	01-2026	1264578.00	PRESENTADA	\N	1
26	1	2026-01-26 00:00:00	01-2026	34936794.28	PRESENTADA	\N	1
27	1	2026-01-27 00:00:00	01-2026	3442066.60	PRESENTADA	\N	2
28	3	2026-01-28 00:00:00	01-2026	5450652.50	PRESENTADA	\N	1
29	3	2026-01-28 00:00:00	01-2026	1190493.19	PRESENTADA	\N	2
30	9	2026-01-29 00:00:00	01-2026	3898910.48	PRESENTADA	\N	1
74	1	2026-03-14 00:00:00	03-2026	2546662.24	PRESENTADA	\N	1
75	1	2026-03-16 00:00:00	03-2026	24735037.40	PRESENTADA	\N	2
76	1	2026-03-16 00:00:00	03-2026	456000.00	PRESENTADA	\N	1
78	3	2026-03-16 00:00:00	03-2026	6585304.19	PRESENTADA	\N	1
77	1	2026-03-16 00:00:00	03-2026	57455963.87	PRESENTADA	\N	1
80	7	2026-03-19 00:00:00	03-2026	1766565.98	PRESENTADA	\N	1
81	8	2026-03-23 00:00:00	03-2026	3861893.42	PRESENTADA	\N	1
82	1	2026-03-25 00:00:00	03-2026	52492283.17	PRESENTADA	\N	1
83	1	2026-03-25 00:00:00	03-2026	3973826.12	PRESENTADA	\N	2
84	8	2026-03-26 00:00:00	03-2026	5752892.39	PRESENTADA	\N	2
85	3	2026-03-26 00:00:00	03-2026	13079505.16	PRESENTADA	\N	1
86	3	2026-03-26 00:00:00	03-2026	2468706.31	PRESENTADA	\N	2
87	1	2026-03-31 00:00:00	03-2026	79879157.80	PRESENTADA	\N	1
89	1	2026-03-31 00:00:00	03-2026	21812548.47	PRESENTADA	\N	2
90	1	2026-04-01 00:00:00	04-2026	1135326.72	PRESENTADA	\N	2
91	3	2026-04-01 00:00:00	04-2026	399126.06	PRESENTADA	\N	2
92	3	2026-04-06 00:00:00	04-2026	2992768.34	PRESENTADA	\N	1
93	3	2026-04-06 00:00:00	04-2026	4826947.20	PRESENTADA	\N	1
94	10	2026-04-06 00:00:00	04-2026	678214.98	PRESENTADA		1
96	3	2026-04-06 00:00:00	04-2026	251291.83	PRESENTADA	\N	2
99	1	2026-04-10 00:00:00	04-2026	4027516.74	PRESENTADA	\N	1
100	1	2026-04-10 00:00:00	04-2026	58212.06	PRESENTADA	\N	2
101	9	2026-04-14 00:00:00	04-2026	13672508.12	PRESENTADA	\N	1
102	3	2026-04-15 00:00:00	04-2026	5956583.96	PRESENTADA	\N	1
103	3	2026-04-15 00:00:00	04-2026	638144.91	PRESENTADA	\N	2
104	7	2026-04-15 00:00:00	04-2026	1425729.64	PRESENTADA	\N	1
105	1	2026-04-15 00:00:00	04-2026	2605636.89	PRESENTADA	\N	1
106	1	2026-04-15 00:00:00	04-2026	262690.62	PRESENTADA	\N	2
107	8	2026-04-24 00:00:00	04-2026	6846438.69	PRESENTADA	\N	2
108	3	2026-04-24 00:00:00	04-2026	2268239.66	PRESENTADA	\N	2
109	8	2026-04-24 00:00:00	04-2026	1651158.83	PRESENTADA	\N	1
110	3	2026-04-24 00:00:00	04-2026	11366115.89	PRESENTADA	\N	1
111	1	2026-04-27 00:00:00	04-2026	59012642.88	PRESENTADA	\N	1
112	1	2026-04-27 00:00:00	04-2026	3421994.76	PRESENTADA	\N	2
113	1	2026-04-16 00:00:00	04-2026	78716720.52	PRESENTADA	\N	1
115	1	2026-04-30 00:00:00	04-2026	89107338.60	PRESENTADA	\N	1
116	10	2026-05-04 00:00:00	05-2026	1724771.40	PRESENTADA	\N	2
117	1	2026-04-30 00:00:00	04-2026	23108982.88	PRESENTADA	\N	2
118	1	2026-05-04 00:00:00	05-2026	987243.82	PRESENTADA	\N	2
120	14	2026-05-06 00:00:00	05-2026	314340.68	PRESENTADA	\N	1
121	10	2026-05-06 00:00:00	05-2026	2598714.40	PRESENTADA	\N	1
124	14	2026-05-06 00:00:00	05-2026	782913.51	PRESENTADA	\N	2
79	3	2026-03-16 00:00:00	03-2026	461823.04	PRESENTADA	\N	2
88	1	2026-04-01 00:00:00	04-2026	3082026.12	PRESENTADA	\N	1
97	10	2026-04-06 00:00:00	04-2026	1043550.38	PRESENTADA	\N	2
114	1	2026-04-16 00:00:00	04-2026	19998715.15	PRESENTADA	\N	2
119	1	2026-05-04 00:00:00	05-2026	2621499.65	PRESENTADA	\N	1
41	3	2026-02-05 00:00:00	02-2026	87696.02	PRESENTADA	\N	2
44	9	2026-02-12 00:00:00	02-2026	1875709.38	PRESENTADA	\N	1
45	3	2026-02-13 00:00:00	02-2026	2752283.36	PRESENTADA	\N	1
46	3	2026-02-13 00:00:00	02-2026	182275.60	PRESENTADA	\N	2
42	1	2026-02-10 00:00:00	02-2026	1776613.30	PRESENTADA	\N	1
47	1	2026-02-18 00:00:00	02-2026	1151942.23	PRESENTADA	\N	1
49	1	2026-02-18 00:00:00	02-2026	12324823.18	PRESENTADA	\N	2
50	7	2026-02-19 00:00:00	02-2026	299445.28	PRESENTADA	\N	1
51	1	2026-02-23 00:00:00	02-2026	25986882.32	PRESENTADA	\N	1
52	1	2026-02-23 00:00:00	02-2026	2755239.25	PRESENTADA	\N	2
53	8	2026-02-24 00:00:00	02-2026	1488034.31	PRESENTADA	\N	1
54	3	2026-02-25 00:00:00	02-2026	4985056.83	PRESENTADA	\N	1
55	3	2026-02-25 00:00:00	02-2026	1312344.15	PRESENTADA	\N	2
56	8	2026-02-25 00:00:00	02-2026	1678556.47	PRESENTADA	\N	2
57	1	2026-02-28 00:00:00	02-2026	0.00	PRESENTADA	\N	1
58	1	2026-02-28 00:00:00	02-2026	10179795.86	PRESENTADA	\N	2
59	1	2026-02-28 00:00:00	02-2026	396481.22	PRESENTADA	\N	2
62	1	2026-02-28 00:00:00	02-2026	834687.85	PRESENTADA	\N	1
63	3	2026-02-28 00:00:00	02-2026	1627085.99	PRESENTADA	\N	1
64	3	2026-02-28 00:00:00	02-2026	628799.31	PRESENTADA	\N	1
35	1	2026-01-31 00:00:00	01-2026	15649510.26	PRESENTADA	\N	2
36	1	2026-02-02 00:00:00	02-2026	577253.75	PRESENTADA	\N	2
37	5	2026-02-02 00:00:00	02-2026	6914.40	PRESENTADA	\N	2
32	1	2026-01-31 00:00:00	01-2026	64552673.09	PRESENTADA		1
33	1	2026-02-02 00:00:00	02-2026	1365929.88	PRESENTADA		1
67	1	2026-03-03 00:00:00	03-2026	72000.00	PRESENTADA	\N	2
68	10	2026-03-03 00:00:00	03-2026	587475.52	PRESENTADA	\N	2
69	1	2026-03-09 00:00:00	03-2026	2399.59	PRESENTADA	\N	2
70	1	2026-02-28 00:00:00	02-2026	57853413.88	PRESENTADA	\N	1
71	1	2026-03-10 00:00:00	03-2026	1684157.38	PRESENTADA	\N	1
72	1	2026-03-14 00:00:00	03-2026	85644.11	PRESENTADA	\N	2
73	9	2026-03-13 00:00:00	03-2026	3020887.29	PRESENTADA	\N	1
122	3	2026-05-06 00:00:00	05-2026	3253979.90	PRESENTADA	\N	1
123	3	2026-05-06 00:00:00	05-2026	47043.00	PRESENTADA	\N	2
\.


--
-- TOC entry 3506 (class 0 OID 24585)
-- Dependencies: 220
-- Data for Name: Mandatarias; Type: TABLE DATA; Schema: public; Owner: postgres
--

COPY public."Mandatarias" ("IdMandatarias", "RazonSocial", "Cuit", "Activa", "Descripcion", "Direccion") FROM stdin;
1	COLEGIO DE FARMACEUTICOS DE MORON	30550857061	t	\N	 Int. Norberto García Silva 1447, Morón
3	Farmalink	30683107677	t	\N	VENEZUELA 2983 CABA
5	OBRA SOCIAL DE SEGUROS	30500053522	t	\N	 TUCUMAN 966
6	MEDICUS	30546771314	t	\N	\N
4	POLICIA FEDERAL	30546662671	t	\N	\N
7	ADMIFARM GROUP	30711897581	t	\N	yrigoyen hipolito 1628
8	COMPANIA DE SERV FARM	30597665047	t	\N	RINCON 40 CABA
9	OSDE	30546741253	t	\N	AV CORDOBA
11	MEDIFE	30682737650	t	\N	\N
10	IOSFA fuerzas armadas	30714292141	t	\N	MORENO Y SAN JOSE
14	FUERZAS DE SEGURIDAD	0	t	\N	\N
\.


--
-- TOC entry 3508 (class 0 OID 24595)
-- Dependencies: 222
-- Data for Name: ObrasSociales; Type: TABLE DATA; Schema: public; Owner: postgres
--

COPY public."ObrasSociales" ("IdObrasSociales", "IdMandatarias", "Nombre", "NombreMandataria", "CodigoBonificacion", "EsPrepaga", "Activa", "NombreCodigoBonificacion") FROM stdin;
2	1	PAMI	COLEGIO DE FARMACEUTICOS	0	f	t	\N
1	1	BANCO PROVINCIA	COLEGIO DE FARMACEUTICOS	0	t	t	\N
35	10	FUERZAS ARMADAS	IOSFA fuerzas armadas	0	f	t	\N
5	1	CASA	COLEGIO DE FARMACEUTICOS DE MORON	0	f	t	\N
6	1	AVALIAN	COLEGIO DE FARMACEUTICOS DE MORON	0	f	t	\N
7	1	CAJA DE ESCRIBANOS	COLEGIO DE FARMACEUTICOS DE MORON	0	f	t	\N
9	1	COMEI	COLEGIO DE FARMACEUTICOS DE MORON	0	f	t	\N
10	1	UNION PERSONAL	COLEGIO DE FARMACEUTICOS DE MORON	0	f	t	\N
63	8	JUB TEL- BRISTOL PARK	COMPANIA DE SERV FARM	0	f	t	\N
15	3	SWISS MEDICAL	Farmalink	0	f	t	\N
16	3	OMINT	Farmalink	0	f	t	\N
17	3	CAJA NOTARIAL DEL COL DE ESCRIBANOS	Farmalink	0	f	t	\N
64	14	FUERZAS DE SEGURIDAD	FUERZAS DE SEGURIDAD	0	f	t	\N
18	1	PODER JUDICIAL	COLEGIO DE FARMACEUTICOS DE MORON	0	f	t	\N
19	1	SUTEBA	COLEGIO DE FARMACEUTICOS DE MORON	0	f	t	\N
20	1	UDOCBA	COLEGIO DE FARMACEUTICOS DE MORON	0	f	t	\N
21	1	UPCN	COLEGIO DE FARMACEUTICOS DE MORON	0	f	t	\N
22	1	DPAS	COLEGIO DE FARMACEUTICOS DE MORON	0	f	t	\N
23	1	SUPERINTENDENCIA DE SERV SOC DE LA POLICIA BS AS	COLEGIO DE FARMACEUTICOS DE MORON	0	f	t	\N
24	1	AMFFA	COLEGIO DE FARMACEUTICOS DE MORON	0	f	t	\N
25	1	SANCOR SALUD	COLEGIO DE FARMACEUTICOS DE MORON	0	f	t	\N
26	7	ACTIVA SALUD	ADMIFARM GROUP	0	f	t	\N
27	7	CASA- CAJA ABOGADOS	ADMIFARM GROUP	0	f	t	\N
28	7	HOSPITAL BRITANICO	ADMIFARM GROUP	0	f	t	\N
29	7	SADAIC	ADMIFARM GROUP	0	f	t	\N
30	7	OSPOCE 	ADMIFARM GROUP	0	f	t	\N
31	9	OSDE	OSDE	0	f	t	\N
32	8	FONDO COMPENSADOR	COMPANIA DE SERV FARM	0	f	t	\N
33	8	JUBILADOS TELEFONICOS	COMPANIA DE SERV FARM	0	f	t	\N
34	8	OSPETELCO	COMPANIA DE SERV FARM	0	f	t	\N
36	8	VISITAR	COMPANIA DE SERV FARM	0	f	t	\N
37	3	GALENO	Farmalink	0	f	t	\N
38	3	LUIS PASTEUR	Farmalink	0	f	t	\N
39	3	WILLIAM HOPE	Farmalink	0	f	t	\N
40	3	OSDIPP	Farmalink	0	f	t	\N
41	3	OPDEA	Farmalink	0	f	t	\N
42	1	IOMA ACCESORIOS	COLEGIO DE FARMACEUTICOS DE MORON	0	f	t	\N
43	1	IOMA AMBULATORIO	COLEGIO DE FARMACEUTICOS DE MORON	0	f	t	\N
44	1	IOMA RECURSO AMPARO	COLEGIO DE FARMACEUTICOS DE MORON	0	f	t	\N
45	1	IOMA MAYOR COBERTURA	COLEGIO DE FARMACEUTICOS DE MORON	0	f	t	\N
46	1	IOMA MAMI	COLEGIO DE FARMACEUTICOS DE MORON	0	f	t	\N
48	8	HOSPITAL ITALIANO	COMPANIA DE SERV FARM	0	f	t	\N
49	8	OSOCNA	COMPANIA DE SERV FARM	0	f	t	\N
50	8	SMAI	COMPANIA DE SERV FARM	0	f	t	\N
51	8	HOMINIS	COMPANIA DE SERV FARM	0	f	t	\N
52	8	OSPE	COMPANIA DE SERV FARM	0	f	t	\N
53	8	OSRJA	COMPANIA DE SERV FARM	0	f	t	\N
54	8	OSPA VISITAR	COMPANIA DE SERV FARM	0	f	t	\N
55	8	TV SALUD	COMPANIA DE SERV FARM	0	f	t	\N
56	8	OSPPCYQ	COMPANIA DE SERV FARM	0	f	t	\N
11	1	PAMI ALTO COSTO	COLEGIO DE FARMACEUTICOS DE MORON	0	f	t	\N
14	3	MEDICUS	Farmalink	0	f	t	\N
47	3	MEDIFE	Farmalink	0	f	t	\N
12	1	POLICIA FEDERAL	COLEGIO DE FARMACEUTICOS DE MORON	0	f	t	\N
13	3	OSSEG	Farmalink	0	f	t	\N
\.


--
-- TOC entry 3510 (class 0 OID 24610)
-- Dependencies: 224
-- Data for Name: PlanBonificacion; Type: TABLE DATA; Schema: public; Owner: postgres
--

COPY public."PlanBonificacion" ("IdPlanBonificacion", "IdObrasSociales", "NombrePlan", "Bonificacion", "NumeroBonificacion") FROM stdin;
10	9	GENERAL	0.00	
12	11	unico	0.00	
14	13	40%	14.00	
15	14	GENERAL	19.00	
16	15	GENERAL	19.00	
17	16	GENERAL	19.00	
18	17	GENERAL	21.00	
5	2	UNICO	12.58	
11	10	GENERAL 40%	12.50	
13	12	50%	12.50	
7	6	PLANES VARIOS	5.00	
2	1	Plan General	8.00	
8	7	PLANES UNIFICADOS	7.00	
6	5	PLAN GENERAL	10.00	
19	18	UNICO	0.00	
20	19	UNICO	0.00	
21	20	UNICO	0.00	
22	21	UNICO	0.00	
23	23	UNICO	0.00	
24	22	UNICO	0.00	
25	24	UNICO	0.00	
26	25	UNICO	5.00	
27	26	UNIFICADO	20.00	
28	28	UNIFICADO	20.00	
29	30	UNIFICADO	20.00	
30	29	UNIFICADO	21.00	
31	31	UNIFICADO	18.00	
32	27	UNICO	21.00	
33	32	unico	0.00	
35	33	unico	21.00	
36	34	unico	21.00	
37	36	AMBULATORIO	21.00	
38	37	unificado	19.00	
39	38	unificado	20.00	
40	40	unico	21.00	
41	41	unico	21.00	
42	42	UNICO	0.00	
43	43	AMBULATORIO	6.50	
44	44	UNICO	6.50	
45	45	UNICO	6.50	
46	46	UNICO	6.50	
47	39	UNICO	21.00	
48	47	UNIFICADO	17.00	
49	48	VARIOS	19.00	
50	49	GENERAL	21.00	
51	50	GENERAL	21.00	
52	51	GENERAL	19.00	
53	52	GENERAL	21.00	
54	53	GENERAL	21.00	
55	54	GENERAL	21.00	
56	55	GENERAL	21.00	
57	56	GENERAL	19.00	
58	35	oncologico	18.00	
59	35	procreacion responsaable	18.00	
34	35	varios	18.00	
60	35	cronicidad	18.00	
61	35	ambulatorios	18.00	
62	35	autorizaciones especiales	18.00	
64	6	VARIOS	12.50	4001
71	63	UNICO	21.00	
72	64	oncologia	18.00	
73	64	procreacion responsable	18.00	
74	64	varios	18.00	
75	64	cronicidad	18.00	
76	64	ambulatorios	18.00	
77	64	autorizaciones especiales	18.00	
\.


--
-- TOC entry 3504 (class 0 OID 24578)
-- Dependencies: 218
-- Data for Name: Usuario; Type: TABLE DATA; Schema: public; Owner: postgres
--

COPY public."Usuario" ("IdUsuario", "Contraseña", "RazonSocial", "Domicilio", "Cuit", "Iva") FROM stdin;
2	Soler79	Farmacia SAS	soler 79	30707886710	Resp. Inscripto
1	Soler136	Farmacia Mighetti	Soler 136 Ituzaingo - Buenos Aires	33586683069	Resp.Inscripto
\.


--
-- TOC entry 3533 (class 0 OID 0)
-- Dependencies: 231
-- Name: CobrosDetalle_IdCobrosDetalle_seq; Type: SEQUENCE SET; Schema: public; Owner: postgres
--

SELECT pg_catalog.setval('public."CobrosDetalle_IdCobrosDetalle_seq"', 78, true);


--
-- TOC entry 3534 (class 0 OID 0)
-- Dependencies: 229
-- Name: Cobros_IdCobros_seq; Type: SEQUENCE SET; Schema: public; Owner: postgres
--

SELECT pg_catalog.setval('public."Cobros_IdCobros_seq"', 35, true);


--
-- TOC entry 3535 (class 0 OID 0)
-- Dependencies: 227
-- Name: LiquidacionDetalle_IdLiquidacionDetalle_seq; Type: SEQUENCE SET; Schema: public; Owner: postgres
--

SELECT pg_catalog.setval('public."LiquidacionDetalle_IdLiquidacionDetalle_seq"', 311, true);


--
-- TOC entry 3536 (class 0 OID 0)
-- Dependencies: 225
-- Name: Liquidaciones_IdLiquidaciones_seq; Type: SEQUENCE SET; Schema: public; Owner: postgres
--

SELECT pg_catalog.setval('public."Liquidaciones_IdLiquidaciones_seq"', 124, true);


--
-- TOC entry 3537 (class 0 OID 0)
-- Dependencies: 219
-- Name: Mandatarias_IdMandatarias_seq; Type: SEQUENCE SET; Schema: public; Owner: postgres
--

SELECT pg_catalog.setval('public."Mandatarias_IdMandatarias_seq"', 14, true);


--
-- TOC entry 3538 (class 0 OID 0)
-- Dependencies: 221
-- Name: ObrasSociales_IdObrasSociales_seq; Type: SEQUENCE SET; Schema: public; Owner: postgres
--

SELECT pg_catalog.setval('public."ObrasSociales_IdObrasSociales_seq"', 64, true);


--
-- TOC entry 3539 (class 0 OID 0)
-- Dependencies: 223
-- Name: PlanBonificacion_IdPlanBonificacion_seq; Type: SEQUENCE SET; Schema: public; Owner: postgres
--

SELECT pg_catalog.setval('public."PlanBonificacion_IdPlanBonificacion_seq"', 77, true);


--
-- TOC entry 3540 (class 0 OID 0)
-- Dependencies: 217
-- Name: Usuario_IdUsuario_seq; Type: SEQUENCE SET; Schema: public; Owner: postgres
--

SELECT pg_catalog.setval('public."Usuario_IdUsuario_seq"', 2, true);


--
-- TOC entry 3342 (class 2606 OID 24706)
-- Name: CobrosDetalle CobrosDetalle_pkey; Type: CONSTRAINT; Schema: public; Owner: postgres
--

ALTER TABLE ONLY public."CobrosDetalle"
    ADD CONSTRAINT "CobrosDetalle_pkey" PRIMARY KEY ("IdCobrosDetalle");


--
-- TOC entry 3340 (class 2606 OID 24678)
-- Name: Cobros Cobros_pkey; Type: CONSTRAINT; Schema: public; Owner: postgres
--

ALTER TABLE ONLY public."Cobros"
    ADD CONSTRAINT "Cobros_pkey" PRIMARY KEY ("IdCobros");


--
-- TOC entry 3338 (class 2606 OID 24650)
-- Name: LiquidacionDetalle LiquidacionDetalle_pkey; Type: CONSTRAINT; Schema: public; Owner: postgres
--

ALTER TABLE ONLY public."LiquidacionDetalle"
    ADD CONSTRAINT "LiquidacionDetalle_pkey" PRIMARY KEY ("IdLiquidacionDetalle");


--
-- TOC entry 3336 (class 2606 OID 24632)
-- Name: Liquidaciones Liquidaciones_pkey; Type: CONSTRAINT; Schema: public; Owner: postgres
--

ALTER TABLE ONLY public."Liquidaciones"
    ADD CONSTRAINT "Liquidaciones_pkey" PRIMARY KEY ("IdLiquidaciones");


--
-- TOC entry 3330 (class 2606 OID 24593)
-- Name: Mandatarias Mandatarias_pkey; Type: CONSTRAINT; Schema: public; Owner: postgres
--

ALTER TABLE ONLY public."Mandatarias"
    ADD CONSTRAINT "Mandatarias_pkey" PRIMARY KEY ("IdMandatarias");


--
-- TOC entry 3332 (class 2606 OID 24603)
-- Name: ObrasSociales ObrasSociales_pkey; Type: CONSTRAINT; Schema: public; Owner: postgres
--

ALTER TABLE ONLY public."ObrasSociales"
    ADD CONSTRAINT "ObrasSociales_pkey" PRIMARY KEY ("IdObrasSociales");


--
-- TOC entry 3334 (class 2606 OID 24615)
-- Name: PlanBonificacion PlanBonificacion_pkey; Type: CONSTRAINT; Schema: public; Owner: postgres
--

ALTER TABLE ONLY public."PlanBonificacion"
    ADD CONSTRAINT "PlanBonificacion_pkey" PRIMARY KEY ("IdPlanBonificacion");


--
-- TOC entry 3328 (class 2606 OID 24583)
-- Name: Usuario Usuario_pkey; Type: CONSTRAINT; Schema: public; Owner: postgres
--

ALTER TABLE ONLY public."Usuario"
    ADD CONSTRAINT "Usuario_pkey" PRIMARY KEY ("IdUsuario");


--
-- TOC entry 3355 (class 2606 OID 24707)
-- Name: CobrosDetalle FK_CobrosDetalle_Cobros; Type: FK CONSTRAINT; Schema: public; Owner: postgres
--

ALTER TABLE ONLY public."CobrosDetalle"
    ADD CONSTRAINT "FK_CobrosDetalle_Cobros" FOREIGN KEY ("IdCobros") REFERENCES public."Cobros"("IdCobros");


--
-- TOC entry 3356 (class 2606 OID 24717)
-- Name: CobrosDetalle FK_CobrosDetalle_LiqDet; Type: FK CONSTRAINT; Schema: public; Owner: postgres
--

ALTER TABLE ONLY public."CobrosDetalle"
    ADD CONSTRAINT "FK_CobrosDetalle_LiqDet" FOREIGN KEY ("IdLiquidacionDetalle") REFERENCES public."LiquidacionDetalle"("IdLiquidacionDetalle");


--
-- TOC entry 3357 (class 2606 OID 24712)
-- Name: CobrosDetalle FK_CobrosDetalle_OS; Type: FK CONSTRAINT; Schema: public; Owner: postgres
--

ALTER TABLE ONLY public."CobrosDetalle"
    ADD CONSTRAINT "FK_CobrosDetalle_OS" FOREIGN KEY ("IdObrasSociales") REFERENCES public."ObrasSociales"("IdObrasSociales");


--
-- TOC entry 3351 (class 2606 OID 24679)
-- Name: Cobros FK_Cobros_Liquidaciones; Type: FK CONSTRAINT; Schema: public; Owner: postgres
--

ALTER TABLE ONLY public."Cobros"
    ADD CONSTRAINT "FK_Cobros_Liquidaciones" FOREIGN KEY ("IdLiquidaciones") REFERENCES public."Liquidaciones"("IdLiquidaciones");


--
-- TOC entry 3352 (class 2606 OID 24684)
-- Name: Cobros FK_Cobros_Mandatarias; Type: FK CONSTRAINT; Schema: public; Owner: postgres
--

ALTER TABLE ONLY public."Cobros"
    ADD CONSTRAINT "FK_Cobros_Mandatarias" FOREIGN KEY ("IdMandatarias") REFERENCES public."Mandatarias"("IdMandatarias");


--
-- TOC entry 3353 (class 2606 OID 24689)
-- Name: Cobros FK_Cobros_ObrasSociales; Type: FK CONSTRAINT; Schema: public; Owner: postgres
--

ALTER TABLE ONLY public."Cobros"
    ADD CONSTRAINT "FK_Cobros_ObrasSociales" FOREIGN KEY ("IdObrasSociales") REFERENCES public."ObrasSociales"("IdObrasSociales");


--
-- TOC entry 3354 (class 2606 OID 24694)
-- Name: Cobros FK_Cobros_Usuario; Type: FK CONSTRAINT; Schema: public; Owner: postgres
--

ALTER TABLE ONLY public."Cobros"
    ADD CONSTRAINT "FK_Cobros_Usuario" FOREIGN KEY ("IdUsuario") REFERENCES public."Usuario"("IdUsuario");


--
-- TOC entry 3347 (class 2606 OID 24651)
-- Name: LiquidacionDetalle FK_LiqDet_Liquidaciones; Type: FK CONSTRAINT; Schema: public; Owner: postgres
--

ALTER TABLE ONLY public."LiquidacionDetalle"
    ADD CONSTRAINT "FK_LiqDet_Liquidaciones" FOREIGN KEY ("IdLiquidaciones") REFERENCES public."Liquidaciones"("IdLiquidaciones");


--
-- TOC entry 3348 (class 2606 OID 24656)
-- Name: LiquidacionDetalle FK_LiqDet_ObrasSociales; Type: FK CONSTRAINT; Schema: public; Owner: postgres
--

ALTER TABLE ONLY public."LiquidacionDetalle"
    ADD CONSTRAINT "FK_LiqDet_ObrasSociales" FOREIGN KEY ("IdObrasSociales") REFERENCES public."ObrasSociales"("IdObrasSociales");


--
-- TOC entry 3349 (class 2606 OID 24661)
-- Name: LiquidacionDetalle FK_LiqDet_Plan; Type: FK CONSTRAINT; Schema: public; Owner: postgres
--

ALTER TABLE ONLY public."LiquidacionDetalle"
    ADD CONSTRAINT "FK_LiqDet_Plan" FOREIGN KEY ("IdPlanBonificacion") REFERENCES public."PlanBonificacion"("IdPlanBonificacion");


--
-- TOC entry 3350 (class 2606 OID 24666)
-- Name: LiquidacionDetalle FK_LiqDet_Usuario; Type: FK CONSTRAINT; Schema: public; Owner: postgres
--

ALTER TABLE ONLY public."LiquidacionDetalle"
    ADD CONSTRAINT "FK_LiqDet_Usuario" FOREIGN KEY ("IdUsuario") REFERENCES public."Usuario"("IdUsuario");


--
-- TOC entry 3345 (class 2606 OID 24633)
-- Name: Liquidaciones FK_Liquidaciones_Mandatarias; Type: FK CONSTRAINT; Schema: public; Owner: postgres
--

ALTER TABLE ONLY public."Liquidaciones"
    ADD CONSTRAINT "FK_Liquidaciones_Mandatarias" FOREIGN KEY ("IdMandatarias") REFERENCES public."Mandatarias"("IdMandatarias");


--
-- TOC entry 3346 (class 2606 OID 24638)
-- Name: Liquidaciones FK_Liquidaciones_Usuario; Type: FK CONSTRAINT; Schema: public; Owner: postgres
--

ALTER TABLE ONLY public."Liquidaciones"
    ADD CONSTRAINT "FK_Liquidaciones_Usuario" FOREIGN KEY ("IdUsuario") REFERENCES public."Usuario"("IdUsuario");


--
-- TOC entry 3343 (class 2606 OID 24604)
-- Name: ObrasSociales FK_ObrasSociales_Mandatarias; Type: FK CONSTRAINT; Schema: public; Owner: postgres
--

ALTER TABLE ONLY public."ObrasSociales"
    ADD CONSTRAINT "FK_ObrasSociales_Mandatarias" FOREIGN KEY ("IdMandatarias") REFERENCES public."Mandatarias"("IdMandatarias");


--
-- TOC entry 3344 (class 2606 OID 24616)
-- Name: PlanBonificacion FK_PlanBonificacion_ObrasSociales; Type: FK CONSTRAINT; Schema: public; Owner: postgres
--

ALTER TABLE ONLY public."PlanBonificacion"
    ADD CONSTRAINT "FK_PlanBonificacion_ObrasSociales" FOREIGN KEY ("IdObrasSociales") REFERENCES public."ObrasSociales"("IdObrasSociales");


-- Completed on 2026-05-06 15:40:12

--
-- PostgreSQL database dump complete
--

-- Completed on 2026-05-06 15:40:12

--
-- PostgreSQL database cluster dump complete
--



